c1,c2,c3,c4,c5,c6,c7,c8,c9,c10,c11,c12,c13,sequence_ID,trial,individual_ID,pair_ID,condition,accuracy
Y,R,Y,B,R,Y,B,Y,R,G,Y,B,Y,1,1,1,55,3,0.6923076923076923
B,B,G,G,R,R,Y,B,B,G,R,Y,G,1,2,1,55,3,0.5384615384615384
Y,R,Y,R,B,G,Y,R,Y,B,R,G,Y,1,3,1,55,3,0.46153846153846156
B,B,G,G,Y,Y,R,B,Y,G,R,Y,Y,1,4,1,55,3,0.8461538461538461
B,G,B,G,Y,R,Y,R,B,Y,R,G,B,1,5,1,55,3,0.7692307692307692
B,B,G,G,Y,Y,R,R,B,Y,G,R,B,1,6,1,55,3,1.0
B,G,B,G,Y,R,Y,R,B,Y,G,R,B,1,7,1,55,3,1.0
B,B,G,G,Y,Y,R,R,B,Y,G,R,B,1,8,1,55,3,1.0
B,R,B,B,B,R,R,R,B,B,Y,G,Y,2,9,1,55,3,0.8461538461538461
B,B,Y,G,R,Y,B,Y,G,R,B,Y,G,2,10,1,55,3,0.6923076923076923
B,B,R,R,B,B,R,R,R,Y,G,Y,G,2,11,1,55,3,0.8461538461538461
B,B,Y,G,R,B,Y,G,R,B,Y,G,R,2,12,1,55,3,1.0
B,R,R,B,B,R,R,Y,G,Y,G,R,B,2,13,1,55,3,0.8461538461538461
B,B,Y,G,R,B,Y,G,R,B,Y,G,R,2,14,1,55,3,1.0
B,B,R,R,B,B,B,Y,Y,G,G,Y,G,2,15,1,55,3,1.0
B,B,Y,G,R,B,Y,G,R,B,Y,G,R,2,16,1,55,3,1.0
